product_sold,quantity,percent_total,percent_cumulative,abc_class
NEW MEGANIUM RG 40XXV,41,23.03370786516854,23.03370786516854,A
NEW MEGANIUM RG CubeXX,36,20.224719101123593,43.258426966292134,A
NEW MEGANIUM RG28XX,36,20.224719101123593,63.48314606741573,A
NEW MEGANIUM RG35XX,36,20.224719101123593,83.70786516853933,B
MEGANIUM RG353M,29,16.292134831460675,100.0,C
